product_code,product_name,brand,energy_kcal,energy_kj,carbohydrates,sugars,fat,saturated_fat,proteins,fiber,salt,sodium,fruits_veg_nuts,nutrition_score_fr,nova_group,sugar_to_carb_ratio,calorie_category,sugar_category,is_ultra_processed
6111035002175,Sidi Ali,sidi ali,,,,,,,,,65.0,26.0,0.0,0.0,1.0,,Unknown,Unknown,No
6111035000058,Eau minérale naturelle,"Les Eaux Minérales d'oulmès,Sidi Ali",,,,,,,,,65.0,26.0,0.0,0.0,1.0,,Unknown,Unknown,No
6111035003035,Oulmes natural carbonated water,Les eaux minérales d'Oulmès S.A.,,,,,,,,,0.78375,0.3135,0.0,0.0,,,Unknown,Unknown,No
6111035001659,Ain Atlas,Eau minérale naturelle des Montagnes d'Atlas,,,,,,,,,0.0,0.0,0.0,0.0,,,Unknown,Unknown,No
6111128000460,,aïn Saiss,,,,,,,,,0.02,0.008,0.0,0.0,1.0,,Unknown,Unknown,No
6111184001562,Star Branded Iodized Salt,Star,,,0.0,0.0,0.0,0.0,0.0,0.0,99.0,39.6,0.0,,2.0,,Unknown,Low Sugar,No
6111018903161,Nescafé Classic,Nestlé,,,,,,,,,,,0.0,,,,Unknown,Unknown,No
5449000206770,Eau de table,Ciel,,,0.0,0.0,0.0,0.0,0.0,0.0,62.5,25.0,0.0,0.0,,,Unknown,Low Sugar,No
6111245591063,Dalaa 550 feuilles,,,,,,,,,,,,0.0,,,,Unknown,Unknown,No
7322540548563,jempo,,,,,,,,,,,,,,,,Unknown,Unknown,No
7640154260283,,,,,,,,,,,,,0.0,,,,Unknown,Unknown,No
6111246651261,,,,,,,,,,,,,,,,,Unknown,Unknown,No
6111035001024,Oulmès eau minerale naturellement gazeuse,ولماس ماء معدني غازي طبيعي,,,,,,,,,785.0,314.0,0.0,0.0,1.0,,Unknown,Unknown,No
6111259093140,,,,,,,,,,,,,0.0,,,,Unknown,Unknown,No
6111175000741,41022,,,,,,,,,,,,,,,,Unknown,Unknown,No
3504182960123,Tomates cerises allongées,Azura,,,,,,,,,,,100.0,-5.0,1.0,,Unknown,Unknown,No
6111252422008,AQUAFINA,,,,,,,,,,0.0,0.0,0.0,0.0,,,Unknown,Unknown,No
7613035530799,NESQUIK Moins de Sucres,"Nestlé, Nesquik",,,,,,,,,,,0.0,5.0,4.0,,Unknown,Unknown,Yes
6111032006718,,Danone,,,,,,,,,,,0.0,,,,Unknown,Unknown,No
3067140013120,Chicorée soluble nature,Leroux,,,,,,,,,,,100.0,,1.0,,Unknown,Unknown,No
3254380008430,"CRISTALINE Eau De Source Pétillante 1,5L",Cristaline,,,,,,,,,11.25,4.5,0.0,0.0,1.0,,Unknown,Unknown,No
9111445000430,eau minérale,Sidi Ali,,,,,,,,,,,,0.0,1.0,,Unknown,Unknown,No
7613036249928,eau minerale,"Nestlé, Nestlé Waters, Vittel",,,,,,,,,0.013,0.0052,0.0,0.0,,,Unknown,Unknown,No
6111259733749,,,,,,,,,,,,,,,,,Unknown,Unknown,No
6111242070783,,سنطرال,,,,,1.5,,,,,,0.0,,,,Unknown,Unknown,No
6111245370064,Levure,Sboula,,,,,,,,,,,0.0,,4.0,,Unknown,Unknown,Yes
6111243002493,Samar Gusto Coffee 45g,samar,,,,,,,,,,,0.0,,,,Unknown,Unknown,No
5011321361058,,,,,,,,,,,,,,,,,Unknown,Unknown,No
4056489361855,Miel crémeux français & responsable,Maribel,,,,,,,,,,,0.0,19.0,2.0,,Unknown,Unknown,No
6111260232095,El Mejor chef fromage 16p,,,,,,,,,,,,0.0,,,,Unknown,Unknown,No
6111243640831,شاي النسمة,JANAH FRERES,,,,,,,,,,,,,,,Unknown,Unknown,No
6111242106277,Jutos cocktail,Jaouda,,,,,,,,,,,12.0,,4.0,,Unknown,Unknown,Yes
3664346305990,Grand Arôme 32% de Cacao,Poulain,,,,,,,,,,,0.0,16.0,4.0,,Unknown,Unknown,Yes
6111035001710,Ain atlas 33cl,Les Eaux Minérale D'Oulmès,,,,,,,,,120.0,48.0,0.0,0.0,1.0,,Unknown,Unknown,No
6111271800016,,,,,,,,,,,35.75,14.3,,0.0,1.0,,Unknown,Unknown,No
7613035833272,Perrier,"Nestlé, Nestlé Waters, Perrier",,,,,,,,,24.13,9.652,0.0,0.0,1.0,,Unknown,Unknown,No
6111035503153,,,,,,,,,,,,,,,,,Unknown,Unknown,No
80177609,Kinder Chocolate,Chocolate,,2352.0,53.5,53.5,35.0,22.6,8.7,,307.5,123.0,0.0,33.0,4.0,1.0,Unknown,High Sugar,Yes
7622201444327,,clorets,,,,,,,,,,,0.0,,,,Unknown,Unknown,No
6111265930385,6111265930385&quot;,,,,,,,,,,,,,,,,Unknown,Unknown,No
5000127142190,All-Bran Original,"Kellogg,Kellogg's",,1400.0,48.0,18.0,3.5,0.7,14.0,27.0,0.95,0.38,0.0,8.0,3.0,0.38,Unknown,Moderate Sugar,No
6221007032540,Cerelac,Nestle,,,71.2,0.0,10.0,0.0,15.0,2.5,0.51,0.204,0.0,,,0.0,Unknown,Low Sugar,No
6111128001115,Ghayt,,,,,,,,,,25.0,10.0,0.0,0.0,1.0,,Unknown,Unknown,No
6111264153709,,,,,,,,,,,,,,,,,Unknown,Unknown,No
1091205,,,,,,,,,,,,,,,,,Unknown,Unknown,No
6111271800030,Eau de source naturelle La Source,Aïcha,,,,,,,,,35.75,14.3,0.0,0.0,1.0,,Unknown,Unknown,No
6111184002255,Vinaigre de table Blanc - Star,Star,,,,,,,,,,,,,2.0,,Unknown,Unknown,No
6111056014522,,,,,,,,,,,,,,,,,Unknown,Unknown,No
8720608632633,lipton yellow label tea x25,Lipton,,,,,,,,,,,,,,,Unknown,Unknown,No
402004014227,,,,,,,,,,,,,,,,,Unknown,Unknown,No
6111243570138,,,,,,,,,,,,,,,,,Unknown,Unknown,No
8718836397110,Premium Omega-3,Ocean's Essentials,,,,,,,,,,,0.0,,4.0,,Unknown,Unknown,Yes
5449000044808,,"Schweppes,Coca Cola",,84.9,4.56,4.56,0.0,0.0,0.0,,13.0,5.2,0.0,8.0,4.0,1.0,Unknown,Low Sugar,Yes
6118000040361,Chargement…,,,,,,,,,,,,0.0,,,,Unknown,Unknown,No
6111259375628,,,,,,,,,,,,,,,,,Unknown,Unknown,No
6118000090762,rinomicine,Rinomicine,,,,,,,,,,,0.0,,,,Unknown,Unknown,No
6194007510014,eau minérale naturelle,Sabrine,,,,,,,,,152.5,61.0,0.0,0.0,1.0,,Unknown,Unknown,No
3183280000728,Sel Moulu de Méditerranée,la baleine,,,,,,,,,97.7,39.08,0.0,,2.0,,Unknown,Unknown,No
6111032007968,Crème caramel,Danone,,,,,,,,,,,0.0,,,,Unknown,Unknown,No
4005808173457,,,,,,,,,,,,,,,,,Unknown,Unknown,No
7622100977063,,,,,,,,,,,,,,,,,Unknown,Unknown,No
8718481351000,Aloe vera,2025,,,,,,,,,,,,,,,Unknown,Unknown,No
6111271800023,العين,la source,,,,,,,,,,,0.0,0.0,,,Unknown,Unknown,No
20022952,Eau de source,Saguaro,,,,,,,,,9.25,3.7,0.0,0.0,1.0,,Unknown,Unknown,No
6111243570169,Matina,,,,,,,,,,,,0.0,,,,Unknown,Unknown,No
6111032007043,beurre central 1kg,Centrale,,,,,,,,,,,0.0,20.0,2.0,,Unknown,Unknown,No
6118000041566,DoliGrippe,,,,,,,,,,,,,,,,Unknown,Unknown,No
3254381025887,CRISTALINE Eau De Source 1L,Cristaline,,,,,,,,,4.75,1.9,0.0,0.0,1.0,,Unknown,Unknown,No
6111018908999,nido,Nestlé,,,,,,,,,,,0.0,21.0,,,Unknown,Unknown,No
4388860015324,Süßstoff,"Rewe, ja!",,,,,,,,,,,0.0,,4.0,,Unknown,Unknown,Yes
6111203003430,Cheesy fromage,Margafrique,,,,,,,,,,,0.0,,4.0,,Unknown,Unknown,Yes
7613037792935,Nan optipro,Nestlé,,,,0.0,,0.0,,,,,,,,,Unknown,Low Sugar,No
6111046003109,,,,,,,,,,,,,,,,,Unknown,Unknown,No
6111270030018,Pikota,,,,,,,,,,,,0.0,,,,Unknown,Unknown,No
5054563100108,,,,,,,,,,,,,,,,,Unknown,Unknown,No
6194039501011,Eau minérale naturelle,Hayet,,,0.0,,0.0,0.0,0.0,0.0,39.05,15.62,0.0,0.0,1.0,,Unknown,Unknown,No
6111099000179,,Lousra,,,,,,,,,,,,,,,Unknown,Unknown,No
40063690,,,,,,,,,,,,,,,,,Unknown,Unknown,No
6194001800111,Safia,"Safia,Sfbt,صافية",,,,,,,,,55.0,22.0,0.0,0.0,1.0,,Unknown,Unknown,No
3088540502663,Miel de Montagne,"Bernard Michaud, L'Apiculteur",,,,,,,,,,,0.0,19.0,2.0,,Unknown,Unknown,No
6111265980243,,,,,,,,,,,,,,,,,Unknown,Unknown,No
5000354800931,Ambrosia Rice pudding,Ambrosia,,417.0,15.8,8.9,2.2,1.3,3.2,0.0,0.13,0.052,0.0,3.0,4.0,0.56,Unknown,Low Sugar,Yes
6111242600553,,Reda Food,,,,,,,,,,,0.0,,4.0,,Unknown,Unknown,Yes
3448781100002,Wattwiller,Wattwiller,,,,,,,,,7.5,3.0,0.0,0.0,1.0,,Unknown,Unknown,No
8436026215203,,,,,,,,,,,,,,,,,Unknown,Unknown,No
61232200545,Fine milled oatcakes,Nairn's,,1993.0,55.0,0.9,19.9,8.6,10.9,9.6,1.67,0.668,0.0,16.0,3.0,0.02,Unknown,Low Sugar,No
3100881040809,ST YORRE Eau Minérale Naturelle Naturellement Gazeuse 1.15 L,"St yorre,VichyST Yorre",,,,,,,,,0.427,0.1708,0.0,2.0,1.0,,Unknown,Unknown,No
90399794,,Sprite,,,,0.0,,0.0,,,,,0.0,,4.0,,Unknown,Low Sugar,Yes
9111445000027,,,,,,,,,,,,,,0.0,1.0,,Unknown,Unknown,No
6111271800054,العين,idna,,,,,,,,,0.03575,0.0143,0.0,0.0,,,Unknown,Unknown,No
6191496000026,Eau minérale naturelle,délice,,,,,,,,,185.025,74.01,0.0,0.0,1.0,,Unknown,Unknown,No
8437019482329,Aqua sierra nevada,,,,,,,,,,6.25,2.5,,0.0,1.0,,Unknown,Unknown,No
6111092000343,tomakas,,,,,,,,,,,,,,,,Unknown,Unknown,No
4056489440628,Freeze Dried Instant Coffee,Bellarom,,,,,,,,,,,0.0,,1.0,,Unknown,Unknown,No
3664320011510,Eau minérale gazeuse,Quézac,,,,,,,,,0.275,0.11,0.0,0.0,4.0,,Unknown,Unknown,Yes
6111246950876,uht jibal 1/2L,Jibal,,,,4.8,3.0,,3.0,,,,0.0,,1.0,,Unknown,Low Sugar,No
6111259341234,Genova - Double Creme,Excelo,,,,,,,,,,,,,,,Unknown,Unknown,No
6111243380027,Miel d'eucalyptus,miel el Aâssal,,,,,,,,,,,0.0,,,,Unknown,Unknown,No
90418235,Hawaii,Coca-Cola,,,,,,,,,,,,,,,Unknown,Unknown,No
6111259344051,,,,2230.0,30.0,54.8,,,2.7,,0.04,0.016,,,,1.83,Unknown,High Sugar,No
6111180003843,Flan,Idéal,,,,,,,,,,,0.0,,4.0,,Unknown,Unknown,Yes
6191475200010,eau minérale naturelle,TIJEN WATER,,,0.0,,0.0,0.0,0.0,0.0,45.0,18.0,0.0,0.0,1.0,,Unknown,Unknown,No
8723300710784,,Innovit (Action),,,,,,,,,,,0.0,,4.0,,Unknown,Unknown,Yes
7613035833302,Perrier fines bulles,"Nestlé, Nestlé Waters, Perrier",,,,,,,,,,,0.0,0.0,4.0,,Unknown,Unknown,Yes
5014067133804,Natural Proper Organic Bio Live Yeogurt,Yeo Valley,,344.0,6.5,6.5,4.2,2.7,4.6,0.0,0.1778,0.07112,0.0,3.0,1.0,1.0,Unknown,Low Sugar,No
6111245591049,dalaa,,,,,,,,,,,,0.0,,,,Unknown,Unknown,No
6118000191032,Rhumix,,,,,,,,,,,,0.0,,4.0,,Unknown,Unknown,Yes
42207269,,Beiersdorf,,,,,,,,,,,,,,,Unknown,Unknown,No
144435502828,,,,,,,,,,,,,,,1.0,,Unknown,Unknown,No
7613034579102,PERRIER eau minérale naturelle gazeuse,PerrierNestlé WatersNestlé,,,,,,,,,24.0,9.6,0.0,0.0,,,Unknown,Unknown,No
6221007032526,Cerelac,nestle,,,,0.0,,0.0,,,,,0.0,,,,Unknown,Low Sugar,No
6111037000643,MARG FAMILIA 400G,,,,,,,,,,,,0.0,,4.0,,Unknown,Unknown,Yes
6111031005408,,,,,,,,,,,,,,,,,Unknown,Unknown,No
6111203003263,Fromage,,,,,,,,,,,,0.0,,4.0,,Unknown,Unknown,Yes
6111126003333,Raibi grenadine,Chergui,,,,,,,,,,,0.0,,,,Unknown,Unknown,No
6111259733770,,,,,,,,,,,,,,,,,Unknown,Unknown,No
4056489620860,Crunchy Peanut Butter,Maribel,,2510.0,12.1,5.8,47.9,6.6,27.0,9.1,0.01,0.004,100.0,-8.0,1.0,0.48,Unknown,Low Sugar,No
6111248360109,Ain Soltan,,,,,,,,,,10.0,4.0,,0.0,1.0,,Unknown,Unknown,No
16756168,Chocolat au lait feuilleté caramel,Poulain,,,,,,,,,,,11.4375,,4.0,,Unknown,Unknown,Yes
6111242071995,yogo banan,Extralait,,,,,2.0,,,,,,0.0,,4.0,,Unknown,Unknown,Yes
5449000318473,coca-cola,Coca-Cola,,,,,,,,,,,,,,,Unknown,Unknown,No
6111260231548,slice burger viva,,,,,,,,,,,,,,,,Unknown,Unknown,No
6111263900243,,,,,,,,,,,,,,,,,Unknown,Unknown,No
1230739,,,,,,,,,,,,,,,,,Unknown,Unknown,No
6221048407796,signal,,,,,,,,,,,,,,,,Unknown,Unknown,No
8004172132844,,,,,,,,,,,,,,,,,Unknown,Unknown,No
6111266962583,Luncheon splendida,Copag,,,,,,,,,,,0.0,,4.0,,Unknown,Unknown,Yes
6111035503115,vitalya,vitalya,,,,,,,,,,,0.0,0.0,,,Unknown,Unknown,No
6111245598758,,,,,,,,,,,,,,,,,Unknown,Unknown,No
144435000430,,,,,,,,,,,,,,0.0,1.0,,Unknown,Unknown,No
3302740025136,ZERO NITRITE - LE SUPERIEUR,Fleury Michon,,490.0,0.7,0.7,2.8,1.0,22.0,,2.0,0.8,14.9625,8.0,4.0,1.0,Unknown,Low Sugar,Yes
8020141800002,Acqua minerale naturale Sant'Anna,Sant'Anna,,,,,,,,,3.75,1.5,0.0,0.0,1.0,,Unknown,Unknown,No
7613036077514,GOLD BLEND Instant Coffee,Nescafé,,,,,,,,,,,0.0,,1.0,,Unknown,Unknown,No
3088541002476,Miel de France,Famille Michaud,,,,,,,,,,,0.0,19.0,2.0,,Unknown,Unknown,No
6111170000029,"Duval, Sirop De Grenadine 75CL",Duval,,,,,0.5,0.1,0.01,,,,0.0,,4.0,,Unknown,Unknown,Yes
20276522,Bio Flüssiger Honig Goldklar,"Lidl, Maribel, Marlene",,,,,,,,,,,0.0,19.0,2.0,,Unknown,Unknown,No
8445290204417,Nescafé Gold,"Nestlé,nescafe",,,,,,,,,,,0.0,,,,Unknown,Unknown,No
6111018908913,,,,,,,,,,,,,0.0,,,,Unknown,Unknown,No
3048431001958,VITTEL eau minerale naturel 50cl,Vittel,,,,,,,,,0.0013,0.00052,0.0,0.0,,,Unknown,Unknown,No
6111101001446,Asta black,,,,,,,,,,,,,,,,Unknown,Unknown,No
5111129000071,,,,,,,,,,,,,,0.0,1.0,,Unknown,Unknown,No
5060336500020,Sarsons Malt Vinegar imp,Sarson's,,,,,,,,,,,0.0,,2.0,,Unknown,Unknown,No
6111180000484,Flan,,,,,,,,,,,,0.0,,4.0,,Unknown,Unknown,Yes
6111250474917,,,,,,,,,,,,,,,,,Unknown,Unknown,No
8000070200289,CARTE NOIRE,"Carte Noire, Lavazza",,,,,,,,,,,0.0,-2.0,1.0,,Unknown,Unknown,No
8445290044853,Decaff Americano,Nescafé Azera,,,,,,,,,,,0.0,,1.0,,Unknown,Unknown,No
4003143005402,novobac,p.n.f,,,,,,,,,,,0.0,,,,Unknown,Unknown,No
3400938000009,,,,,,,,,,,,,,,,,Unknown,Unknown,No
8723300710739,Vitamine D 10,Innovit,,,,,,,,,,,0.0,,,,Unknown,Unknown,No
6111162001553,Double concentre de tomate,Delicia,,,,,,,,,,,100.0,-5.0,1.0,,Unknown,Unknown,No
6111195024178,,,,,,,,,,,,,,,,,Unknown,Unknown,No
6111184001036,"Vinaigre Alcool Colore,",National,,,,,,,,,,,0.0,,2.0,,Unknown,Unknown,No
5111438005064,,,,,,,,,,,,,,,,,Unknown,Unknown,No
6111250471572,,La Délicieuse,,1008.0,,,,,,,,,,,,,Unknown,Unknown,No
3272770093590,St Moret Ligne & Plaisir 8%  Minis,"Fromarsac, Savencia, St Moret",,551.0,5.0,5.0,8.0,5.5,10.0,,1.0,0.4,0.0,7.0,4.0,1.0,Unknown,Low Sugar,Yes
3068320124537,50CL EVIAN PLASTIQUE RECYCLE R,"Danone, Evian",,,,,,,,,0.01651,0.006604,0.0,0.0,1.0,,Unknown,Unknown,No
6111073564222,Vinaigre de table coloré,dessaux,,,,,,,,,,,0.0,,4.0,,Unknown,Unknown,Yes
8445290044822,Azera americano,Nescafé,,,,,,,,,,,0.0,,1.0,,Unknown,Unknown,No
6111126000905,قشدة طرية,CHERGUI,,,,,,,,,,,0.0,15.0,1.0,,Unknown,Unknown,No
6111260420164,SWEET,,,,,,,,,,,,,,,,Unknown,Unknown,No
6111245250939,,,,,,,,,,,,,,,,,Unknown,Unknown,No
20454456,Finement pétillante,Saguaro,,,,,,,,,0.695,0.278,0.0,0.0,4.0,,Unknown,Unknown,Yes
6111180003270,Flan japan,,,,,,,,,,,,0.0,,4.0,,Unknown,Unknown,Yes
6111195018801,chocolat,leka cream,,,,,,,,,,,,,,,Unknown,Unknown,No
6111245341026,Khayrate,,,,,,,,,,,,,,,,Unknown,Unknown,No
6111032003830,danonino,Danonino,,,,,,,,,1.5,0.6,,,,,Unknown,Unknown,No
8718951624795,,,,,,,,,,,,,,,,,Unknown,Unknown,No
80463078,,,,,,,,,,,,,,,,,Unknown,Unknown,No
8711000892091,Familial,Grand’mère,,,,,,,,,,,0.0,-2.0,1.0,,Unknown,Unknown,No
6111017042366,Mini delice amandes,Aiguebelle,,,,,,,,,,,0.0,,4.0,,Unknown,Unknown,Yes
8001480021990,,Ace,,,,,,,,,,,0.0,,,,Unknown,Unknown,No
6111242102231,muscly sghir,Jaouda,,,,,,,,,,,,,,,Unknown,Unknown,No
6926548796349,soy sauce,,,,,,,,,,,,0.0,,,,Unknown,Unknown,No
6111032009900,danone,Danone,,,,,,,,,,,,,,,Unknown,Unknown,No
8445290044891,Azera Americano,Nescafé,,,,,,,,,,,0.0,,1.0,,Unknown,Unknown,No
6111245340296,Or Blanc,,,283.0,6.0,,19.0,,12.0,,,,0.0,,4.0,,Unknown,Unknown,Yes
94360010113,NYC Bagels The original,New York Bakery,,,,,,,,,,,,,,,Unknown,Unknown,No
6111259345843,,,,,,,,,,,,,,,,,Unknown,Unknown,No
6111246721971,Creem cheese,,,,,,,,,,,,0.0,,3.0,,Unknown,Unknown,No
6118000040354,Doliprane,,,,,,,,,,,,,,,,Unknown,Unknown,No
6111250471206,raouia,,,,,,,,,,,,,,,,Unknown,Unknown,No
6111032009962,Panna Cotta,Danette,,,,,,,,,,,1.59801136363637,,4.0,,Unknown,Unknown,Yes
6111207002149,java timor 45g,,,,,,,,,,,,,,,,Unknown,Unknown,No
6111099000162,,,,,,,,,,,,,0.0,,,,Unknown,Unknown,No
6111245593111,,,,,,,,,,,,,0.0,,,,Unknown,Unknown,No
4005900890504,,,,,,,,,,,,,,,,,Unknown,Unknown,No
8643729134216,8643729134216,,,,,,,,,,,,,,,,Unknown,Unknown,No
6111246250075,Rafiaa,,,,,,,,,,,,0.0,,,,Unknown,Unknown,No
6111246203330,,,,,,,,,,,,,0.0,,,,Unknown,Unknown,No
6291003092497,BREAKSTA Tiffany,wafer sandwich,,,,,,,,,,,,,,,Unknown,Unknown,No
3600540539397,Ultra doux,,,,,,,,,,,,4.55162741843651e-05,,4.0,,Unknown,Unknown,Yes
6191540700087,eau minérale naturelle,Fourat,,,0.0,,0.0,0.0,0.0,,55.3,22.12,0.0,0.0,1.0,,Unknown,Unknown,No
6111242882041,Rafii,,,,,,,,,,,,,,,,Unknown,Unknown,No
6111024001028,,,,,,,,,,,,,,,,,Unknown,Unknown,No
7622202013638,Philadelphia original,Philadelphia,,,,1.4,6.1,,,,0.225,0.09,,,,,Unknown,Low Sugar,No
6111246954652,,,,,,,,,,,,,,,,,Unknown,Unknown,No
8119000253223,,,,,,,,,,,,,,,,,Unknown,Unknown,No
6111267090094,,,,,,,,,,,,,0.0,,4.0,,Unknown,Unknown,Yes
1117404,Muesli frutas,Hacendado,,,,,,,,,,,,,,,Unknown,Unknown,No
6281006408708,Vaselene,,,,,,,,,,,,0.0,,4.0,,Unknown,Unknown,Yes
5053990161935,Barbeque,Pringles,,,,,,,,,,,0.0,,4.0,,Unknown,Unknown,Yes
8695077006646,Ilkgün,,,,,,,0.0,,,,,0.0,,4.0,,Unknown,Unknown,Yes
6111128000736,Aïn saïss,,,,,,,,,,,,0.0,0.0,1.0,,Unknown,Unknown,No
7640154260474,Marlboro Gold,Marlboro,,,,,,,,,,,,,,,Unknown,Unknown,No
4084500526754,,,,,,,,,,,,,,,,,Unknown,Unknown,No
6111017047798,,Aiguebelle,,,,,,,,,,,,,,,Unknown,Unknown,No
3518070012078,Novalac lait 1er age,Novalac,,,,,,,,,0.0,0.0,0.0,,4.0,,Unknown,Unknown,Yes
6111032002413,Moufid 7mr,Danone,,,,,,,,,,,,,,,Unknown,Unknown,No
6111265930354,,,,,,,,,,,,,,,,,Unknown,Unknown,No
6111242103863,beurre jaouda 1kg,Jaouda,,,,,82.0,,,,,,,,2.0,,Unknown,Unknown,No
8001841769189,,,,,,,,,,,,,,,,,Unknown,Unknown,No
5055953900292,Gunpowder Thé Vert Nature,TWININGS,,,,,,,,,,,0.0,0.0,1.0,,Unknown,Unknown,No
6118000240044,,,,,,,,,,,,,,,,,Unknown,Unknown,No
10596045,,,,,,,,,,,,,,,,,Unknown,Unknown,No
6111029000064,sucre granulé,,,,,,,,,,,,,,,,Unknown,Unknown,No
6118000010029,,,,,,,,,,,,,0.0,,,,Unknown,Unknown,No
6111026121717,,,,,,,,,,,,,,,,,Unknown,Unknown,No
6111245341422,FONDU Khayrat 64p,,,,,,,,,,,,,,,,Unknown,Unknown,No
6111248360376,Eau mineral 33cl aman,,,,,,,,,,,,0.0,0.0,1.0,,Unknown,Unknown,No
3088540502298,Miel l'apiculteur de nos terroirs,Michaud Yves,,,,,,,,,,,0.0,19.0,2.0,,Unknown,Unknown,No
9002515600530,Cocktail Tropical Multivitaminé,Pago,,207.0,11.0,11.0,0.5,0.1,0.5,,0.0,0.0,99.625,6.0,1.0,1.0,Unknown,Moderate Sugar,No
6111232000974,,,,,,,,,,,,,,,,,Unknown,Unknown,No
6111032001393,Danone,Danone,,,,,,,,,,,,,,,Unknown,Unknown,No
6221155025265,,,,,,,,,,,,,,,,,Unknown,Unknown,No
6111259091801,,,,,,,,,,,,,0.0,,4.0,,Unknown,Unknown,Yes
8480000795946,Magnesio + Vitaminas B1 B6 B12 sabor Naranja,Deliplus,,,,,,,,,,,1.44230769230769,,4.0,,Unknown,Unknown,Yes
5000111043991,Original HP Sauce,HP Foods,,517.0,28.3,23.1,0.1,0.0,0.9,,1.3,0.52,53.4912109375,12.0,4.0,0.82,Unknown,Moderate Sugar,Yes
6111259345782,6111259345782,,,,,,,,,,,,,,,,Unknown,Unknown,No
796554056180,,,,,,,,,,,,,,,,,Unknown,Unknown,No
3183280000544,FLEUR DE SEL,Le Saunier de Camargue,,,,,,,,,,,0.0,,2.0,,Unknown,Unknown,No
2006050045075,,"Bon & Bio,Bon et Bio",,,,0.0,,0.0,,,,,0.0,,2.0,,Unknown,Low Sugar,No
6111259346291,,,,,,,,,,,,,,,,,Unknown,Unknown,No
5900020043306,nestle,nestle,,,,,,,,,,,,,,,Unknown,Unknown,No
6923818812013,,,,,,,,,,,,,,,,,Unknown,Unknown,No
6111128001290,hassan,,,,,,,,,,,,,,,,Unknown,Unknown,No
121201800111,,Safia,,,,,,,,,57.5,23.0,,0.0,1.0,,Unknown,Unknown,No
20991241,Belladonna Löslicher Kaffee Entkoffeiniert,Lidl,,,,,,,,,,,0.0,,,,Unknown,Unknown,No
6194000521895,Choco Tom gaufrettes,Tom,,519.0,57.6,37.05,28.96,16.07,7.12,9.45,815.0,326.0,0.0,21.0,4.0,0.64,Unknown,High Sugar,Yes
6111246950203,Raibi,Jibal,,,,,,,,,,,0.0,-1.0,1.0,,Unknown,Unknown,No
6111024000946,,الكف,,,,,,,,,,,0.0,,4.0,,Unknown,Unknown,Yes
6111270030148,,,,,,,,,,,,,0.0,,4.0,,Unknown,Unknown,Yes
5111463000430,,,,,,,,,,,,,,,1.0,,Unknown,Unknown,No
6133275000018,Saida eau minérale,Saida,,,,,,,,,5.0,2.0,0.0,20.0,,,Unknown,Unknown,No
3560071263577,Chicoree nature,"Carrefour, Carrefour Classic",,,,,,,,,,,100.0,,1.0,,Unknown,Unknown,No
6111203004024,,,,,,,,,,,,,0.0,,4.0,,Unknown,Unknown,Yes
6111195006877,,,,,,,,,,,,,,,,,Unknown,Unknown,No
8436037960420,,,,,,,,,,,,,,,,,Unknown,Unknown,No
3610340078941,,,,,,,,,,,,,,,,,Unknown,Unknown,No
6291003634154,Day BREAK,Tiffany,,,,,,,,,,,0.0,,4.0,,Unknown,Unknown,Yes
20404499,Miel d'Acacia avec Rayon,"Deluxe, Lidl",,,,,,,,,,,0.0,,,,Unknown,Unknown,No
16103403,elviva,,,,,,,,,,,,0.0,,,,Unknown,Unknown,No
6118000080039,brufen,médicament,,,,,,,,,,,,,,,Unknown,Unknown,No
5000174035155,,,,,,,,,,,,,,,,,Unknown,Unknown,No
5449000311863,,,,,,,,,,,,,,,,,Unknown,Unknown,No
6111024008898,,,,,,,,,,,,,,,,,Unknown,Unknown,No
8017596057105,Acqua naturale naturale,"Eurospin, Ginevra",,,,,,,,,44.25,17.7,0.0,0.0,1.0,,Unknown,Unknown,No
6111184003665,VINAIGRE DE CIDRE DE POMME,Star,,,,,,,,,,,0.0,,2.0,,Unknown,Unknown,No
6111017040829,Aiguebelle mini,Aiguebelle,,,,,,,,,,,,,,,Unknown,Unknown,No
6221007036302,Crem,,,352.0,,0.0,1.8,1.6,,0.3,0.18,0.072,,,,,Unknown,Low Sugar,No
6118000240051,,,,,,,,,,,,,,,,,Unknown,Unknown,No
6221048403248,,,,,,,,,,,,,,,,,Unknown,Unknown,No
6923815199032,Miel,,,,,,,,,,,,0.0,19.0,2.0,,Unknown,Unknown,No
6943015100171,شاي,الناس,,,,,,,,,,,,,,,Unknown,Unknown,No
8695077069436,,,,,,,,,,,,,,,,,Unknown,Unknown,No
6111271590498,,Yoplait,,,,,,,,,,,,,,,Unknown,Unknown,No
40267654,stic,UHU,,,,,,,,,,,,,,,Unknown,Unknown,No
3162850010015,St Amand Eau Minérale Naturelle 1L5,Saint amand,,,,,,,,,7.0,2.8,0.0,0.0,1.0,,Unknown,Unknown,No
8411547001085,Agua mineral grande,Solán de cabras,,,,,,,,,1.2,0.48,0.0,0.0,,,Unknown,Unknown,No
4015400439110,Pampers complete clean aloe Vera,,,,,,,,,,,,0.0,,4.0,,Unknown,Unknown,Yes
6111180013958,Sucre arome fleur d’oranger,,,,,0.0,,0.0,,,,,,,2.0,,Unknown,Low Sugar,No
6111245470054,hala,,,,,,,,,,,,0.0,,2.0,,Unknown,Unknown,No
3088540504292,Miel de fleurs Crémeux Pot Plastique 500g,Lune de miel,,,,,,,,,,,0.0,,,,Unknown,Unknown,No
8852018101062,Vegetable Flavour,Yum Yum,,1919.0,63.0,1.2,19.0,0.9,9.1,3.9,2.1,0.84,2.70416666666667,5.0,4.0,0.02,Unknown,Low Sugar,Yes
8719238027551,All purpose,Action,,,,,,,,,,,0.0,,,,Unknown,Unknown,No
8410510054011,,Dulcinea,,,,,,,,,,,,,,,Unknown,Unknown,No
6111032005193,Danone assil saveur coco,Danone,,95.0,14.3,8.0,2.7,,,,0.1,0.04,0.0,,,0.56,Unknown,Low Sugar,No
6111266600287,,,,,,,,,,,,,,,,,Unknown,Unknown,No
3504105036058,,,,,,,,,,,,,,,,,Unknown,Unknown,No
6111255772940,,Lay's,,1919.0,,,,,,,,,,,,,Unknown,Unknown,No
154480000231,,,,,,,,,,,,,,,,,Unknown,Unknown,No
3523680438224,Bio et équitable,"Carrefour BIO, Carrefour",,,,,,,,,,,100.0,0.0,1.0,,Unknown,Unknown,No
6111128001030,Ain saiss,Danone,,,,,,,,,0.02,0.008,0.0,0.0,1.0,,Unknown,Unknown,No
6111248552122,Thon Entier à l'Huile Végétale,Mario,,,,,,,,,,,,,,,Unknown,Unknown,No
6111032008439,Danino,,,,,,,,,,,,,,,,Unknown,Unknown,No
6111266680159,fondiz slices 24p,,,,,,,,,,,,,,,,Unknown,Unknown,No
6111128001139,Ghayt Eau de Table,Ghayt,,,,,,,,,,,,0.0,1.0,,Unknown,Unknown,No
5942219115890,Apă minerală naturală plată,Borsec,,,,,,,,,,,0.0,0.0,,,Unknown,Unknown,No
6291003092527,Wafer Sandwich,Tiffany,,,,,,,,,,,,,,,Unknown,Unknown,No
4084500526792,,,,,,,,,,,,,,,,,Unknown,Unknown,No
10232903,,,,,,,,,,,,,,,,,Unknown,Unknown,No
3450970070782,Eau De Source De Montagne,Eco+ Leclerc eco,,,,,,,,,14.75,5.9,0.0,0.0,1.0,,Unknown,Unknown,No
3270190009511,Chicorée Café,Carrefour,,,,,,,,,,,60.0,,1.0,,Unknown,Unknown,No
20358228,Fast Action Dried Yeast,Belbake,,,,,,,,,,,0.0,,4.0,,Unknown,Unknown,Yes
3800091500130,Mineral Water,Натурална минерална вода Велинград,,,,,,,,,107.175,42.87,0.0,0.0,1.0,,Unknown,Unknown,No
80177128,Nutella Hazelnut Spread With Cocoa,"Ferrero, Nutella",,2278.0,57.6,56.8,31.6,11.0,6.0,3.4,0.11,0.044,13.0,30.0,4.0,0.99,Unknown,High Sugar,Yes
3574669909143,,,,,,,,,,,,,0.0,,,,Unknown,Unknown,No
6111184007489,Ketchup,Star,,,,,,,,,,,,,,,Unknown,Unknown,No
152152421568,,,,,,,,,,,,,,,1.0,,Unknown,Unknown,No
4030600229385,,,,,,,,,,,,,,,,,Unknown,Unknown,No
3250390145769,eau de source,Ondine,,,,,,,,,15.75,6.3,0.0,0.0,1.0,,Unknown,Unknown,No
2023040000005,La boule bio,"Carrefour BIO, Carrefour",,,,,,,,,,,0.0,,4.0,,Unknown,Unknown,Yes
6111032006909,Velouté Vanille,Danone,,329.38,11.4,7.0,2.85,2.35,,,0.225,0.09,0.0,,4.0,0.61,Unknown,Low Sugar,Yes
6111252990118,,,,,,,,,,,,,,,,,Unknown,Unknown,No
6111028001260,vache qui rit 64p,,,,,,,,,,,,,,,,Unknown,Unknown,No
5901520000059,Muszynianka 1.5,Muszynianka,,,,,,,,,219.5,87.8,0.0,1.0,1.0,,Unknown,Unknown,No
6111242102569,جودة شكلاط كراميل,Jaouda,,,,,,,,,,,,,,,Unknown,Unknown,No
6111251730869,El Bellar the Best Selling Moroccan Green Tea 200G,,,,,,,,,,,,,,,,Unknown,Unknown,No
6111025200376,almendra,,,,,,,,,,,,2.67857142857143,5.0,4.0,,Unknown,Unknown,Yes
3505631200432,Propolis,,,,,,,,,,,,,,,,Unknown,Unknown,No
7640154260160,,,,,,,,,,,,,,,,,Unknown,Unknown,No
6111028001130,la vache qui rit,bel for all for good,,,,,,,,,,,,,,,Unknown,Unknown,No
6111255614868,,,,,,,,,,,,,,,,,Unknown,Unknown,No
6111259347458,Dolcy chocobar gold,Excelo,,152.0,13.82,10.29,8.31,4.55,1.8,0.48,0.1075,0.043,0.0,,4.0,0.74,Unknown,Moderate Sugar,Yes
5055953902531,Thé earl grey,"Twinings, Twinings Of London",,,,,,,,,,,0.0,,4.0,,Unknown,Unknown,Yes
6111040006793,حليب لليدين,,,,,,,,,,,,0.0,,,,Unknown,Unknown,No
6111243860208,,,,,,,,,,,,,,,,,Unknown,Unknown,No
5900020043641,nesquick,Nestlé,,,,,,,,,,,,,,,Unknown,Unknown,No
6111207002279,dubois java timor,,,,,,,,,,,,,,,,Unknown,Unknown,No
3564707117395,Vinaigre de cidre bio,"Bio Village, Marque Repère",,,,,,,,,,,0.0,,2.0,,Unknown,Unknown,No
6130758000015,Guedila,giba,,,,,,,,,72.5,29.0,0.0,0.0,1.0,,Unknown,Unknown,No
6111245595528,,,,,,,,,,,,,,,,,Unknown,Unknown,No
6111266961326,لانشون,y,,,,,,,,,1.5,0.6,0.0,,4.0,,Unknown,Unknown,Yes
6111062000014,Siof,,,,,,,,,,,,,,,,Unknown,Unknown,No
6111270030025,Picasso el toro,oglo,,,,,,,,,,,0.0,,4.0,,Unknown,Unknown,Yes
6111269050058,,,,,,,,,,,,,,,,,Unknown,Unknown,No
6111242882256,,,,,,,,,,,,,,,,,Unknown,Unknown,No
6111245344188,Cheddar slice khayrat,,,,,,,,,,,,0.0,,4.0,,Unknown,Unknown,Yes
6111261970903,Mayonnaise,Top Chef,,,,,,,,,,,,,,,Unknown,Unknown,No
3401020354451,,,,,,,,,,,,,,,,,Unknown,Unknown,No
6111028000508,,,,,,,,,,,,,,,,,Unknown,Unknown,No
3445850024207,Sel de Guérande,Le Guérandais,,,,,,,,,100.0,40.0,0.0,,2.0,,Unknown,Unknown,No
643435530799,Nesquik,Nestlé,,,,,,,,,,,0.0,5.0,4.0,,Unknown,Unknown,Yes
7613039149096,Nan optipro,,,,,0.0,,0.0,,,,,,,,,Unknown,Low Sugar,No
6111175001625,Dahmiss 41022,,,,,,,,,,,,0.0,0.0,1.0,,Unknown,Unknown,No
3088540404264,Miel de fleurs,Lune de Miel,,,,,,,,,,,0.0,19.0,2.0,,Unknown,Unknown,No
3250392877996,Miel de France crémeux,Merci!,,,,,,,,,,,0.0,,,,Unknown,Unknown,No
3183280033290,Sel et minéraux marins,LA BALEINE,,,,,,,,,,,0.0,20.0,3.0,,Unknown,Unknown,No
6111250474382,Rahik,,,,,,,0.0,,,,,,,,,Unknown,Unknown,No
3504181360337,Tomates cerises mélangées,Azura,,,,,,,,,,,100.0,-4.0,1.0,,Unknown,Unknown,No
769503567112,,,,,,,,,,,,,,,,,Unknown,Unknown,No
8410261151625,,Don Simón,,,,,,,,,,,0.0,,3.0,,Unknown,Unknown,No
61941304,Jockey,"Délice,Danone",,,,,,,,,,,0.0,,3.0,,Unknown,Unknown,No
6111069003032,Moment of relaxation,Sultan,,,,,,,,,,,75.0,,1.0,,Unknown,Unknown,No
5010745055864,Clotted Cream Shortbread Fingers,Paterson's,,2122.0,62.3,18.3,25.0,3.7,6.4,,0.63,0.252,23.39,17.0,4.0,0.29,Unknown,Moderate Sugar,Yes
3041091758286,Nursie,Blédina,,,,,,,,,,,0.0,,,,Unknown,Unknown,No
6111243860246,,,,,,,,,,,,,,,,,Unknown,Unknown,No
6111028000676,enfants 16p,,,,,,,,,,,,,,,,Unknown,Unknown,No
6111220000245,Vinaigre d’alcool colore,,,,,,,,,,,,0.0,,4.0,,Unknown,Unknown,Yes
3564700010563,Moutarde de Dijon,"Marque Repère, Rustica, Scamark (Filiale E. Leclerc)",,626.0,2.5,1.8,11.0,0.7,7.2,4.0,6.0,2.4,0.0,20.0,3.0,0.72,Unknown,Low Sugar,No
8020141640004,Acqua minerales naturale sant'anna sorgente Rebruant,Sant'Anna,,,,,,,,,3.75,1.5,0.0,18.0,1.0,,Unknown,Unknown,No
6111018903208,Nescafé classic,Nescafe,,,,,,,,,,,,,,,Unknown,Unknown,No
6111206000702,Coeur de lait,Danone,,,,,,,,,,,,,,,Unknown,Unknown,No
8714599521977,SAMAR café,Jacobs,,,,,,,,,,,0.0,,,,Unknown,Unknown,No
5449000318435,hawai tropical,,,,,,,,,,,,0.0,,,,Unknown,Unknown,No
6111162001546,Puree de tomate,,,,,,,,,,,,,,,,Unknown,Unknown,No
6111262385003,Tobigo,Tobigo,,,,,,,,,,,,,,,Unknown,Unknown,No
5942325003753,Bucovina,,,,,,,,,,,,,,1.0,,Unknown,Unknown,No
6111031005491,6111031005491,,,,,,,,,,,,,,,,Unknown,Unknown,No
6111259733824,,,,,,,,,,,,,,,,,Unknown,Unknown,No
8718951698611,,,,,,,,,,,,,0.0,,4.0,,Unknown,Unknown,Yes
3564700291955,Beurre tendre doux 82% mg,"Marque Repère, Les Croisés",,3058.0,0.6,0.6,82.0,55.0,0.8,0.0,0.1,0.04,0.0,20.0,2.0,1.0,Unknown,Low Sugar,No
96081280,Madagascan Vanilla,Dr. Oetker,,,,,,,,,,,0.0,,4.0,,Unknown,Unknown,Yes
322775,Wholewheat Noodles,Sainsbury's,,,,,,,,,,,0.0,,3.0,,Unknown,Unknown,No
5060211770029,manifik,,,,,,,,,,,,,,,,Unknown,Unknown,No
6111258840585,avian,,,,,,,,,,,,,,,,Unknown,Unknown,No
6111028001048,KIRI 80p,Kiri,,,,,,,,,,,0.0,,4.0,,Unknown,Unknown,Yes
6111175000772,,,,,,,,,,,,,,,,,Unknown,Unknown,No
6223007650274,,,,,,,,,,,,,,,,,Unknown,Unknown,No
144580000231,,,,,,,,,,,,,,,,,Unknown,Unknown,No
3179730121884,PET 50CL EAU GAZEUSE PERRIER,Perrier,,,,,,,,0.0,2.4,0.96,0.0,0.0,4.0,,Unknown,Unknown,Yes
6410500091868,Finn Crisp | Multigrain,Finn crisps,,1462.0,60.0,1.5,3.0,0.5,11.0,18.0,1.9,0.76,0.0,8.0,3.0,0.02,Unknown,Low Sugar,No
6111252670263,إفولكي,ifoulky aharouay,,,,,,,,,,,0.0,,,,Unknown,Unknown,No
5011321986930,,,,,,,,,,,,,,,,,Unknown,Unknown,No
80000532,acqua minerale,"Nestlé, Levissima, S.PELLEGRINO",,,,,0.0,0.0,0.0,,5.25,2.1,0.0,0.0,1.0,,Unknown,Unknown,No
3068320124377,Eau,Evian,,6.5,,,,,,,0.001625,0.00065,0.0,,,,Unknown,Unknown,No
3222471962510,Vinaigre de cidre - 5% d'acidité,"Casino, Casino Bio",,,,,,,,,,,0.0,,2.0,,Unknown,Unknown,No
20305819,myrtilles,,,,,,,,,,,,100.0,-3.0,1.0,,Unknown,Unknown,No
5060033821114,Cleaning Paste,"Cleaning, Pink Stuff",,,,,,,,,,,,,,,Unknown,Unknown,No
25638710022,Pure Vanilla Extract,Nielsen-Massey,,,,,,,,,,,0.0,,3.0,,Unknown,Unknown,No
6905426464662,,,,,,,,,,,,,,,,,Unknown,Unknown,No
6111126005689,Chergui créme de cuisson,Chergui,,,,,,,,,,,0.0,,,,Unknown,Unknown,No
5111438005538,,Materne,,,,,,,,,,,,,,,Unknown,Unknown,No
6111245340289,Frommage fondu emmental,Or Blanc,,,,,,,,,,,0.0,,4.0,,Unknown,Unknown,Yes
8410498010689,oro,,,,,,,,,,,,,,,,Unknown,Unknown,No
6111128001078,,,,,,,,,,,,,,0.0,1.0,,Unknown,Unknown,No
6111243040020,Maxi croust,,,,,,,,,,,,0.0,38.0,3.0,,Unknown,Unknown,No
9111445001635,عين اطلس,اولماس,,,,,,,,,,,,0.0,1.0,,Unknown,Unknown,No
6111203004505,Fromage holondaise 24p chedar,talberjt,,,,,,,,,,,,,,,Unknown,Unknown,No
6111242881655,Raibi,,,,,,,,,,,,,,,,Unknown,Unknown,No
6111249985974,,,,,,,,,,,,,,,,,Unknown,Unknown,No
6281006567108,,,,,,,,,,,,,,,,,Unknown,Unknown,No
796554054032,,,,,,,,,,,,,,,,,Unknown,Unknown,No
6111162002079,,,,,,,,,,,,,,,,,Unknown,Unknown,No
8445290196842,,Nescafe,,,,,,,,,,,,,,,Unknown,Unknown,No
5021991938856,Infusion bio,Clipper,,,,,,,,,,,64.25,,4.0,,Unknown,Unknown,Yes
7613036451253,"NESCAFE SPECIAL FILTRE L'Original, Café Soluble, Flacon de 200g","Nestlé,Nescafé, Special filtre",,,,,,,,,,,0.0,,1.0,,Unknown,Unknown,No
3274080001005,CRISTALINE Eau De Source 6x1.5L,Cristaline,,,,,,,,,31.25,12.5,0.0,0.0,1.0,,Unknown,Unknown,No
5019989103096,Fine Sea Salt,Saxa,,,,,,,,,,,0.0,,2.0,,Unknown,Unknown,No
6111242106024,Luncheon au boeuf,,,,,,,,,,,,0.0,,4.0,,Unknown,Unknown,Yes
6111069004657,Tisane pure camomille,Sultan,,,,,,,,,,,0.0,,,,Unknown,Unknown,No
6118000040347,دوليبران,,,,,,,,,,,,,,,,Unknown,Unknown,No
6111180000439,flan,Ideal,,,,,,,,,,,0.0,,4.0,,Unknown,Unknown,Yes
7613039432259,Nan,,,,,,,,,,,,,,,,Unknown,Unknown,No
6111269301518,6111269301518,,,,,,,,,,,,,,,,Unknown,Unknown,No
6111249590017,,,,,,,,,,,,,,,,,Unknown,Unknown,No
5449000318480,,,,,,,,,,,,,,,,,Unknown,Unknown,No
3337872411083,,,,,,,,,,,,,,,,,Unknown,Unknown,No
3033710076017,"NESCAFÉ SPECIAL FILTRE L'Original, Café Soluble, Boite de 25 Sticks",Nestlé,,,,,,,,,,,0.0,,1.0,,Unknown,Unknown,No
3261342002108,Pur Arabica Moulu biologique,Cafés Méo,,,,,,,,,,,0.0,-2.0,1.0,,Unknown,Unknown,No
3800000600562,Loading…,Devin,,,,,,,,,,,0.0,0.0,,,Unknown,Unknown,No
8000070032835,Café Il Mattino Lavazza,Lavazza,,,,,,,,,,,0.0,-2.0,1.0,,Unknown,Unknown,No
5000197153959,Night time teabags x20,Sharwood’s,,1020.0,59.5,44.7,0.5,0.1,0.5,0.5,2.9,1.16,41.0,29.0,3.0,0.75,Unknown,High Sugar,No
6111250472432,Greenwood verveine,,,,0.0,0.0,0.0,0.0,0.0,0.0,0.0,0.0,0.0,,,,Unknown,Low Sugar,No
6118000032069,,,,,,,,,,,,,,,,,Unknown,Unknown,No
6111040008490,,,,,,,,,,,,,,,,,Unknown,Unknown,No
5285001952274,,SADAPACK,,,,,,,,,,,,,,,Unknown,Unknown,No
6111195021030,Leka cream,michoc,,,,,,,,,0.0,0.0,0.0,,4.0,,Unknown,Unknown,Yes
6111028000713,fromage Enfant 96p,,,,,,,,,,,,,,,,Unknown,Unknown,No
8695077081100,,,,,,,,,,,,,,,,,Unknown,Unknown,No
6111250476515,,,,,,,,,,,,,,,,,Unknown,Unknown,No
6111246952047,6111246952047,,,,,,,,,,,,,,,,Unknown,Unknown,No
3610340652356,,,,,,,,,,,,,,,,,Unknown,Unknown,No
7622201491567,milka triple chocolat avec morceaux de biscuits,Milka,,,,,,,,,,,,,,,Unknown,Unknown,No
8412042502398,Agua Mineral Natural,Mondariz,,,,,,,,,,,0.0,0.0,1.0,,Unknown,Unknown,No
5015821122393,Dried Active Yeast,Allinson's,,,,,,,,,,,0.0,,4.0,,Unknown,Unknown,Yes
8410740905794,trufas,lacasa,,,,,,,,,,,,,,,Unknown,Unknown,No
5942326402272,AQUA CARPATICA,,,0.0,0.0,0.0,0.0,0.0,0.0,0.0,0.007,0.0028,0.0,0.0,1.0,,Unknown,Low Sugar,No
6221048407833,,,,,,,,,,,,,,,,,Unknown,Unknown,No
4005808816187,,,,,,,,,,,,,,,,,Unknown,Unknown,No
6111260820766,6111260820766,,,,,,,,,,,,,,,,Unknown,Unknown,No
6111018909279,,Nestlé,,,,,,,,,,,,,,,Unknown,Unknown,No
8410055150018,Font Vella,Font Vella,,,,,,,,,3.075,1.23,0.0,0.0,1.0,,Unknown,Unknown,No
5060336500044,Malt Vinegar,Sarson's,,,,,,,,,,,0.0,,2.0,,Unknown,Unknown,No
6290090011039,HEINZ TOMATO KETCHUP,Heinz,,435.0,23.5,22.8,0.1,,1.2,1.8,1.8,0.72,56.25,,4.0,0.97,Unknown,Moderate Sugar,Yes
6111248490394,4011,الهدية,,,,,,,,,,,,,,,Unknown,Unknown,No
7622201432058,,,,,,,,,,,,,,,,,Unknown,Unknown,No
6111114001242,CARRION,,,,,,,,,,,,,,,,Unknown,Unknown,No
6111242600430,Biscuit Tacos,,,,,,,,,,,,,,,,Unknown,Unknown,No
6221155058614,Jessys,,,,,,,,,,,,0.0,,4.0,,Unknown,Unknown,Yes
6111252630830,,,,,,,,,,,,,0.0,,4.0,,Unknown,Unknown,Yes
5410076729685,,,,,,,,,,,,,,,,,Unknown,Unknown,No
144528000163,,,,,,,,,,,,,,0.0,1.0,,Unknown,Unknown,No
20104696,,Lidl,,,,,,,,,,,,,,,Unknown,Unknown,No
8690586257602,,,,,,,,,,,,,0.0,,4.0,,Unknown,Unknown,Yes
8695077119506,,,,,,,,,,,,,,,,,Unknown,Unknown,No
100035000430,,,,,,,,,,,,,,,1.0,,Unknown,Unknown,No
6111203007193,fromage hollandaise 64p chedar,,,,,,,,,,,,0.0,,4.0,,Unknown,Unknown,Yes
6111250470568,,,,,,,,,,,,,,,,,Unknown,Unknown,No
3564707084055,Biscottes germe de blé x 34,"Bio Village, Marque Repère",,1670.0,73.0,5.4,5.4,0.6,11.0,5.3,1.1,0.44,0.0,3.0,4.0,0.07,Unknown,Low Sugar,Yes
8024884117809,COURMAYEUR Eau Minérale Naturelle 1L,Courmayeur,,,,,,,,0.0,,,0.0,0.0,1.0,,Unknown,Unknown,No
26020013,Sel de table fin,Riden,,,,,,,,,,,0.0,,2.0,,Unknown,Unknown,No
3560070672707,Miel de fleurs liquide,"Carrefour BIO,Carrefour",,,,,,,,,,,0.0,19.0,2.0,,Unknown,Unknown,No
3088541002469,Miel de France,Famille MICHAUD,,,,,,,,,,,,,2.0,,Unknown,Unknown,No
3560070220731,Miel de fleurs,Carrefour,,,,,,,,,,,0.0,,,,Unknown,Unknown,No
3760322850307,water,Compagnie des Pyrénées,,,0.0,0.0,0.0,0.0,0.0,0.0,0.03,0.012,0.0,0.0,1.0,,Unknown,Low Sugar,No
6111101001354,Asta,,,,,,,,,,,,,,,,Unknown,Unknown,No
6111101000937,Dynamic,,,,,,,,,,,,,,,,Unknown,Unknown,No
6118000080497,Rhinofebral,,,,,,,,,,,,,,,,Unknown,Unknown,No
7622201491529,Milka triple caramel,,,,,,,,,,,,,,,,Unknown,Unknown,No
8695077085405,Xl çikolatalı ince gofret,,,,,,,,,,,,,,,,Unknown,Unknown,No
6111246720981,Cream Cheese,milky food,,,,,,,,,,,,,,,Unknown,Unknown,No
4005900036162,,,,,,,,,,,,,,,,,Unknown,Unknown,No
6111259347052,,excelo,,,,,,,,,,,,,,,Unknown,Unknown,No
7622202209550,,MILKA,,,,,,,,,,,,,,,Unknown,Unknown,No
3256220321372,Café soluble Chicorée - 250g,U,,,,,,,,,,,60.0,,1.0,,Unknown,Unknown,No
3261342003723,Café,MÉO,,,,,,,,,,,0.0,-2.0,1.0,,Unknown,Unknown,No
8480000341778,Canela molida,Hacendado,,,,,,,,,,,0.0,,1.0,,Unknown,Unknown,No
5605566000126,Água Mineral Natural,Caldas de Penacova,,,,,,,,,,,,0.0,1.0,,Unknown,Unknown,No
6111246720783,petits frais nature 170g araai,"الراعي,Le Berger",,,,,,,,,,,0.0,,3.0,,Unknown,Unknown,No
6111195023812,,,,,,,,,,,,,,,,,Unknown,Unknown,No
6111246951026,Yaourt,Jibal,,,13.5,13.5,2.4,1.6,3.4,,0.1,0.04,0.0,,,1.0,Unknown,Moderate Sugar,No
6111242107991,Croissance,,,,,0.0,,0.0,,,,,0.0,,4.0,,Unknown,Low Sugar,Yes
664400948258,,,,,,,,,,,,,10.9570892333984,,4.0,,Unknown,Unknown,Yes
3518646128103,,Gilbert,,,,,,,,,,,,,,,Unknown,Unknown,No
6111270030230,pipabuela,,,,,,,,,,,,,,,,Unknown,Unknown,No
6111270960179,,Nooco,,,,,,,,,,,,,,,Unknown,Unknown,No
6214090005003,,,,,,,,,,,,,,0.0,1.0,,Unknown,Unknown,No
3337875597227,,,,,,,,,,,,,,,,,Unknown,Unknown,No
5900951311468,Mars,Mars,,,,,,,,,,,,,,,Unknown,Unknown,No
8690506520816,,,,,,,,,,,,,,,,,Unknown,Unknown,No
6111035503139,vitalya 50cl,,,,,,,,,,,,,,,,Unknown,Unknown,No
5941466000973,Sare de masă iodată,Olympia,,,,,,,,,,,0.0,,,,Unknown,Unknown,No
3111111222223,Fruit de la bête noir,,,,,,,,,,,,0.0,,,,Unknown,Unknown,No
5060155200064,Cornish Sea Salt Co Sea Salt Crystals,,,,,,,,,,,,0.0,,2.0,,Unknown,Unknown,No
50456536,Uncured pizza,,,,,,,,,,,,,,,,Unknown,Unknown,No
8001480021983,,,,,,,,,,,,,,,,,Unknown,Unknown,No
7622201430610,Lemon mint flavor,,,,,,,,,,,,,,,,Unknown,Unknown,No
6111250470087,Fromage Mozzarella,aknaz,,,,,,,,,,,,,,,Unknown,Unknown,No
6111028000669,Enfants 8p,,,,,,,,,,,,,,,,Unknown,Unknown,No
7649989242358,PRIME ICE POP,"Congo Brands, Prime",,,,,,,,,,,,,,,Unknown,Unknown,No
6111184002071,ketchup,star,,,,,,,,,,,,,,,Unknown,Unknown,No
6111250476065,Bol bol sauce algerienne,"Bol Bol,بول بول",,,,,,,,,,,0.0115966796875,,4.0,,Unknown,Unknown,Yes
6111266070493,confiture,,,,,0.0,,0.0,,,,,,,,,Unknown,Low Sugar,No
6111032002222,,Danone,,,,,,,,,,,,,,,Unknown,Unknown,No
5449000318688,,"Coca-Cola Company, Coca-Cola",,,,,,,,,,,,,,,Unknown,Unknown,No
111121211111,,,,,,,,,,,,,,,,,Unknown,Unknown,No
6221155065452,,,,,,,,,,,,,0.0,,4.0,,Unknown,Unknown,Yes
6111024000014,,,,,,,,,,,,,,,,,Unknown,Unknown,No
125484000213,,,,,,,,,,,,,,,,,Unknown,Unknown,No
8697713836068,,,,,,,,,,,,,,,,,Unknown,Unknown,No
3270190021179,Oeufs frais BIO,"Carrefour BIO, Carrefour",,,,,,,,,,,0.0,-1.0,1.0,,Unknown,Unknown,No
6111255137107,Sel D'himalaya Rose,,,,,,,,,,,,,,2.0,,Unknown,Unknown,No
6111249320027,,Chaouen,,,,,,,,,,,,0.0,1.0,,Unknown,Unknown,No
6111245342689,Kaiser,kaiser,,,,,,,,,,,,,,,Unknown,Unknown,No
1304336,Wholegrain Mustard 180g,Sainsbury’s,,,,,,,,,,,0.0,13.0,3.0,,Unknown,Unknown,No
90377204,Fanta,Fanta,,,,,,,,,,,,,,,Unknown,Unknown,No
6111099003071,Dora,,,,,,,,,,,,0.0,,,,Unknown,Unknown,No
6111255091690,,,,,,,,,,,,,0.0,,4.0,,Unknown,Unknown,Yes
5024121617300,Organix: Goodies Animal Biscuits - 100g,Organix,,,,,,,,,,,26.8,,4.0,,Unknown,Unknown,Yes
6111264420016,,,,,,,,,,,,,40.8333333333333,,,,Unknown,Unknown,No
4250947516027,,,,,,,,,,,,,,,,,Unknown,Unknown,No
8712252039814,,,,,,,,,,,,,,,,,Unknown,Unknown,No
6111207002293,café capriccio intense 200g,,,,,,,,,,,,,,,,Unknown,Unknown,No
111121111121,,,,,,,,,,,,,,,,,Unknown,Unknown,No
6281006408685,vaseline,,,,,,,,,,,,,,,,Unknown,Unknown,No
4005808166190,نيفيا,,,,,,,,,,,,0.0,,4.0,,Unknown,Unknown,Yes
6118000090526,Nuravit,,,,,,,,,,,,,,,,Unknown,Unknown,No
6111259091764,Gastro mixte,mixte,,,,,,,,,,,0.0,,3.0,,Unknown,Unknown,No
3504105034696,,,,,,,,,,,,,0.0,,4.0,,Unknown,Unknown,Yes
5942321000565,Apă minerală necarbogazoasă (plată),Dorna,,,,,,,,,,,,,1.0,,Unknown,Unknown,No
6111270360023,,,,,,,,,,,,,,,,,Unknown,Unknown,No
6111259344112,Sergio pâte à tartiner,Excelo,,,,,,,,,,,,,,,Unknown,Unknown,No
3564700382158,Vinaigre Balsamique de Modène,"Marque Repère, Rustica",,,,,,,,,,,33.0,,2.0,,Unknown,Unknown,No
3564700014516,Beurre de bretagne doux,"Marque Repère, Les Croisés",,3058.0,0.6,0.6,82.0,60.0,0.8,0.0,0.1,0.04,0.0,20.0,2.0,1.0,Unknown,Low Sugar,No
7622210114730,,Fontaneda,,2015.0,64.0,18.0,20.5,4.7,7.1,4.3,1.68,0.672,0.0,21.0,4.0,0.28,Unknown,Moderate Sugar,Yes
20357122682,Milk,Mestla,,,,,,,,,,,,,,,Unknown,Unknown,No
6111242070691,Extra Leben,extralait,,,,,1.2,,,,,,0.0,,,,Unknown,Unknown,No
8001480021976,,,,,,,,,,,,,,,,,Unknown,Unknown,No
6111018907800,,Nestlé,,,,,,,,,,,,,,,Unknown,Unknown,No
6934615980317,THE VERT DE CHINE,,,,,,,,,,,,,,,,Unknown,Unknown,No
8402001001246,Vitamina C + Zinc sabor Limón,Deliplus,,,,,,,,,,,0.0,,4.0,,Unknown,Unknown,Yes
7613287583901,,,,,,,,,,,,,,,,,Unknown,Unknown,No
6281031260814,,,,,,,,,,,,,,,,,Unknown,Unknown,No
6111243621922,,,,,,,,,,,,,,,,,Unknown,Unknown,No
6111245344799,Fromage cheddar 16 portion or blanc,,,,,,,,,,,,,,,,Unknown,Unknown,No
6111255772889,,,,,,,,,,,,,,,,,Unknown,Unknown,No
6111262388288,,,,,,,,,,,,,0.0,,4.0,,Unknown,Unknown,Yes
5111129000460,,,,,,,,,,,,,,0.0,1.0,,Unknown,Unknown,No
5055953902494,Thé Earl Grey coffret,Twinings,,,,,,,,,,,0.0,0.0,4.0,,Unknown,Unknown,Yes
3250391650163,Sel fin de Guérande,Itinéraire des Saveurs,,,,,,,,,,,0.0,,2.0,,Unknown,Unknown,No
3564707082303,Miel liquide,"Bio Village, Marque Repère",,,,,,,,,,,0.0,19.0,2.0,,Unknown,Unknown,No
3166291464901,Paprika doux,Ducros,,,,,,,,,,,0.0,,1.0,,Unknown,Unknown,No
9352042000328,VEGEMITE B VITAMINS FOR VITALITY,VEGEMITE,,729.0,11.1,2.4,1.0,1.0,25.9,8.4,8250.0,3300.0,0.0,17.0,4.0,0.22,Unknown,Low Sugar,Yes
20884604,Lait amandes caramélisées,fin CARRÉ,,2429.0,47.4,44.1,39.1,18.4,8.8,3.4,0.71,0.284,18.040625,32.0,4.0,0.93,Unknown,High Sugar,Yes
2006050035649,Miel de Fleurs,TAMARA,,,,,,,,,,,0.0,19.0,2.0,,Unknown,Unknown,No
5000184321606,Light Mayonnaise,"Hellmans,Unilever,Hellman's",,1108.0,6.0,2.3,26.0,2.6,0.5,0.0,1.7,0.68,25.078125,13.0,4.0,0.38,Unknown,Low Sugar,Yes
6191577600046,Eau,Dima,,,,,,,,,45.0,18.0,,0.0,1.0,,Unknown,Unknown,No
1835151,Blueberries,Sainsbury's,,,,,,,,,,,100.0,-3.0,1.0,,Unknown,Unknown,No
6111069004350,Infusion,Sultan,,,,,,,,,,,,,,,Unknown,Unknown,No
6111243590235,lait frais,,,,,,,,,,0.0,0.0,0.0,,,,Unknown,Unknown,No
6111073504235,moutarde,pikarome,,,,,,,,,,,,,,,Unknown,Unknown,No
6111184008110,Sauce andalouse,Star,,,,,,,,,,,,,,,Unknown,Unknown,No
6111249942076,Alitkane Farine fleure,AL ITKANE,,,,,,,,,,,0.0,-4.0,1.0,,Unknown,Unknown,No
80176596,Dal Crem,,,,,,,,,,,,,,,,Unknown,Unknown,No
6111104000965,,,,,,,,,,,,,,,,,Unknown,Unknown,No
8718836394638,,,,,,,,,,,,,,,,,Unknown,Unknown,No
5060947541276,Monster energy 50cl,Monster,,,,,,,,,,,0.0,,4.0,,Unknown,Unknown,Yes
4030600225356,,,,,,,,,,,,,,,,,Unknown,Unknown,No
3058320002034,,,,,,,,,,,,,,,,,Unknown,Unknown,No
8718836397615,,,,,,,,,,,,,,,,,Unknown,Unknown,No
8695077013514,,,,,,,,,,,,,,,,,Unknown,Unknown,No
6111024008874,BP3177,TAOUS,,,,,,,,,,,,,,,Unknown,Unknown,No
6111266680753,,,,,,,,,,,,,,,,,Unknown,Unknown,No
6911314512353,,,,,,,,,,,,,,,,,Unknown,Unknown,No
3445850070709,Sel de Guérande,Le Guérandais,,,,,,,,,100.0,40.0,0.0,,2.0,,Unknown,Unknown,No
4056489194446,Saguaro,Saguaro,,,,,,,,,,,0.0,0.0,,,Unknown,Unknown,No
6130234002366,skor,cevital. da100,,,,,,,,,,,0.0,20.0,2.0,,Unknown,Unknown,No
8002230350285,Aperol,"Aperol, San Giovanni",,,,,,,,,,,0.0,,4.0,,Unknown,Unknown,Yes
6194001800500,Eau minérale naturelle,"Safia,Sfbt",,,,,,,,,55.0,22.0,0.0,0.0,1.0,,Unknown,Unknown,No
5017007601289,Sudocrem Antiseptic Healing Cream,Sudocrem,,,,,,,,,,,0.0,,,,Unknown,Unknown,No
2006050059706,Eau de source de Montagne (Source Roche des Écrins),"Rocheval, Aldi",,,0.0,0.0,0.0,0.0,0.0,0.0,0.0,0.0,0.0,0.0,1.0,,Unknown,Low Sugar,No
6111259341173,CRACKS,,,,,,,,,,,,,,,,Unknown,Unknown,No
6111128000903,Ain sais kids 33cl,,,,,,,,,,,,,0.0,1.0,,Unknown,Unknown,No
8434164562890,Miel de Flores,Granja san francisco,,,,,,,,,,,,,2.0,,Unknown,Unknown,No
8410757101172,,,,,,,,,,,,,0.0,,1.0,,Unknown,Unknown,No
7622201444624,Clorest,,,,,,,,,,,,,,,,Unknown,Unknown,No
6118000041252,Doliprane vitamine C,,,,,,,,,,,,,,,,Unknown,Unknown,No
6118000160038,Amoxil,,,,,,,,,,,,0.0,,4.0,,Unknown,Unknown,Yes
90418129,,Fanta,,,,,,,,,,,,,,,Unknown,Unknown,No
4004198036755,,,,,,,,,,,,,0.0,,4.0,,Unknown,Unknown,Yes
6111259347212,,,,,,,,,,,,,,,,,Unknown,Unknown,No
6111195024710,,,,,,,,,,,,,,,,,Unknown,Unknown,No
6111243591591,,,,,,,,,,,,,,,,,Unknown,Unknown,No
6111259347410,,,,,,,,,,,,,,,,,Unknown,Unknown,No
6194001800722,Eau minérale naturelle,"Marwa,SFBT",,,,,,,,,109.0,43.6,0.0,0.0,1.0,,Unknown,Unknown,No
8000070063334,arome intense et gout unique,"CARTE NOIR, Carte Noire",,,,,,,,,,,0.0,-2.0,1.0,,Unknown,Unknown,No
5000254019068,Bicarbonate of soda,Dr. Oetker,,,,,,,,,,,0.0,,1.0,,Unknown,Unknown,No
1180992,Lemon Juice,"by Sainsbury's,Sainsbury's",,94.0,1.0,0.9,0.5,0.1,0.5,0.5,0.02,0.008,83.3333333333333,-3.0,3.0,0.9,Unknown,Low Sugar,No
3276558440996,Banane,"Carrefour, Simpl",,,,,,,,,,,100.0,0.0,1.0,,Unknown,Unknown,No
4056489142560,,Kania,,,,,,,,,,,0.0,,1.0,,Unknown,Unknown,No
855422,إندومي,indomie,,,,,,,,,,,,,,,Unknown,Unknown,No
4056489894735,white bloomer with sourdough,Lidl,,,,,,,,,,,11.6666666666667,1.0,4.0,,Unknown,Unknown,Yes
6111035001789,Sidi Ali,"Sidi ali,lesaux oulmes",,,,,,,,,65.0,26.0,0.0,0.0,,,Unknown,Unknown,No
7622201118570,Trident spearmint flavor,Trident,,,,,,,,,,,0.0,,4.0,,Unknown,Unknown,Yes
6111029000132,النمر,,,,,,,,,,,,,,,,Unknown,Unknown,No
6111259345904,,Excelo,,,,,,,,,,,,,,,Unknown,Unknown,No
854102006732,"Mielle, Scalp & Hair Strengthening Oil, Rosemary Mint",Mielle,,,,,,,,,,,54.1511137461066,,4.0,,Unknown,Unknown,Yes
6111242600423,tacos,,,,,,,,,,,,21.875,,4.0,,Unknown,Unknown,Yes
8714599312605,,,,,,,,,,,,,0.0,-2.0,1.0,,Unknown,Unknown,No
8719200256439,8719200256439,"Flora Food Group, Natacha",,,,,,,,,,,,,2.0,,Unknown,Unknown,No
6111260820148,Confiture d’abricot,,,,,,,,,,,,,,,,Unknown,Unknown,No
7622201444266,,Trident,,,,,,,,,,,,,,,Unknown,Unknown,No
6221155065513,,unilever,,,,,,,,,,,,,,,Unknown,Unknown,No
6111024004685,,,,,,,,,,,,,,,,,Unknown,Unknown,No
8710912005681,8710912005681,,,,,,,,,,,,,,,,Unknown,Unknown,No
6111249985271,,,,,,,,,,,,,,,,,Unknown,Unknown,No
6111250477093,tone,,,,,,,,,,,,0.0,26.0,3.0,,Unknown,Unknown,No
11878797,Nescafé spécial filtre,Nestlé,,,,,,,,,,,,,,,Unknown,Unknown,No
3760091720160,Thé vert gingembre citron,Ethiquable,,,,,,,,,,,6.625,,4.0,,Unknown,Unknown,Yes
3560070852086,Thé vert menthe,Carrefour,,,,,,,,,,,13.0,,4.0,,Unknown,Unknown,Yes
3445735810697,Miel d’acacia,DACACLA,,,,,,,,,,,0.0,19.0,2.0,,Unknown,Unknown,No
24463061163,Sriracha Hot Chili Sauce,Tuong Ot Sriracha,,335.0,16.0,9.0,0.5,0.0,2.0,3.0,3.75,1.5,86.83,15.0,4.0,0.56,Unknown,Low Sugar,Yes
5011546415499,Nescafe Original,"Nestlé, Nescafé",,,,,,,,,,,0.0,,1.0,,Unknown,Unknown,No
5010024111076,the pock ing the Servic 5:00pm Mondays to RELATION,Saxa,,,,,,,,,,,0.0,,,,Unknown,Unknown,No
6111243380072,Miel,,,,,,,0.0,,,,,,,2.0,,Unknown,Unknown,No
8695077013521,shela,,,,,,,,,,,,,,,,Unknown,Unknown,No
6111261060109,laïko,cola,,41.0,,11.0,0.0,,,,3.0,1.2,0.0,,,,Unknown,Moderate Sugar,No
6111243004282,,,,,,,,,,,,,,,,,Unknown,Unknown,No
8480000866561,Ajo granulado,Hacendado,,,,,,,,,,,100.0,,1.0,,Unknown,Unknown,No
6111255091683,6111255091683,,,,,,,,,,,,,,,,Unknown,Unknown,No
3518646124655,physiolac,Gilbert,,,,,,,,,,,0.0001860827934478,,4.0,,Unknown,Unknown,Yes
6111252670096,Amlou à base d’Arachide,,,,,0.0,,0.0,,,,,,,,,Unknown,Low Sugar,No
6111259733817,oni,,,,,,,,,,,,,,,,Unknown,Unknown,No
6111180001863,,,,,,,,,,,,,,,,,Unknown,Unknown,No
6223013530232,6223013530232,,,,,,,,,,,,,,,,Unknown,Unknown,No
6221155081520,,,,,,,,,,,,,,,,,Unknown,Unknown,No
6111028000621,,,,,,,,,,,,,,,,,Unknown,Unknown,No
5111129000088,,,,,,,,,,,,,,0.0,1.0,,Unknown,Unknown,No
3700123300014,Pure life,Nestlé,,,,,,,,,1.175,0.47,0.0,0.0,1.0,,Unknown,Unknown,No
3564700001226,Lentilles vertes,"Marque Repère,Notre Jardin,Scamark (Filiale E. Leclerc)",,1296.0,37.0,2.0,1.1,0.2,26.0,23.0,0.0,0.0,100.0,-15.0,1.0,0.05,Unknown,Low Sugar,No
5942219000059,"Borsec, regina apelor minerale apă minerală, natura carbogozoasă",Borsec,,,,,,,,,150.0,60.0,0.0,0.0,1.0,,Unknown,Unknown,No
3564700291962,Beurrier tendre 80%mg,"Marque Repère, Les Croisés",,2984.0,0.6,0.6,80.0,51.0,0.8,0.0,2.0,0.8,0.0,28.0,2.0,1.0,Unknown,Low Sugar,No
20242091,Brócoli,Lor-IX,,,,,,,,,,,,,,,Unknown,Unknown,No
3088541003145,Miel bio de fleurs,Famille Michaud,,,,,,,,,,,0.0,19.0,2.0,,Unknown,Unknown,No
7613036077538,Gold Blend Decaff,Nescafé,,,,,,,,,,,0.0,,1.0,,Unknown,Unknown,No
6111242041479,Leader chips,,,,,,,,,,,,,,,,Unknown,Unknown,No
6111245340708,Fromage or blanc 64p,,,,,,,,,,,,,,,,Unknown,Unknown,No
6118000080572,موكسول,,,,,,,,,,,,,,,,Unknown,Unknown,No
6111261590415,Dibala,,,,,,,,,,,,,,,,Unknown,Unknown,No
6111262588404,,,,,,,,,,,,,,,,,Unknown,Unknown,No
8001090944634,,,,,,,,,,,,,2.89257835106582e-06,,4.0,,Unknown,Unknown,Yes
8690536855100,,,,,,,,,,,,,,,,,Unknown,Unknown,No
5000174003451,,Old Spice,,,,,,,,,,,,,,,Unknown,Unknown,No
745760392988,,,,0.0,,,,,,,0.0992,0.03968,0.0,,,,Unknown,Unknown,No
8402001017698,,Hacendado,,,,,,,,,,,0.0,,,,Unknown,Unknown,No
764460733532,,,,,,,,,,,,,,,,,Unknown,Unknown,No
40329215,monte carlo,JTI,,,,,,,,,,,0.0,,,,Unknown,Unknown,No
6111035503092,,,,,,,,,,,,,,0.0,1.0,,Unknown,Unknown,No
6111242665996,fromage edam irish portion,,,,,,,,,,,,,,,,Unknown,Unknown,No
3564707100427,Chocolat noir dessert bio,"Bio Village, Marque Repère",,2203.0,49.0,46.0,32.0,20.0,6.6,9.2,0.0,0.0,0.0,24.0,4.0,0.94,Unknown,High Sugar,Yes
4056489236887,saguaro,Lidl,,,,,,,,,,,0.0,0.0,1.0,,Unknown,Unknown,No
3760020507404,Infusion Thym doux et fleuri,"Jardin bio, Léa nature",,,,,,,,,,,50.0,,1.0,,Unknown,Unknown,No
8000070038868,Crema e Gusto Classico,Lavazza,,,,,,,,,,,0.0,-2.0,1.0,,Unknown,Unknown,No
3057640269813,Eau minerale naturelle,Volvic,,,,,,,,,3.0,1.2,0.0,0.0,1.0,,Unknown,Unknown,No
11217770,,Hacendado,,,,,,,,,,,0.0,,4.0,,Unknown,Unknown,Yes
3560071311971,Miel de Fleurs Brut de Ruche,Carrefour,,,,,,,,,,,0.0,19.0,2.0,,Unknown,Unknown,No
6194000521017,Chocotom,Tom,,1979.2,77.47,48.03,15.25,8.39,5.95,7.55,1.1,0.44,0.0,27.0,4.0,0.62,Unknown,High Sugar,Yes
8002270018213,Natural mineral water,"Sanpellegrino,San Pellegrino,Nestlé",,,,,,,,,83.25,33.3,0.0,0.0,,,Unknown,Unknown,No
8412042502381,,Mondariz,,,,,,,,,119.0,47.6,0.0,0.0,1.0,,Unknown,Unknown,No
5035660138775,Frank Cooper's 'Oxford' Original Oxford Marmalade,"Frank Cooper's,The Pantry",,1079.0,62.8,53.7,0.0,0.0,0.2,,0.199898,0.0799592,20.8333333333333,18.0,4.0,0.86,Unknown,High Sugar,Yes
3041091282866,Lait pour nourrissons,Blédina,,,,,,,,,,,,,,,Unknown,Unknown,No
29306497,M&S Muesli Totally Nuts,Marks & Spencer,,1730.0,49.3,3.5,14.9,2.0,13.8,13.3,0.03,0.012,15.0,-3.0,4.0,0.07,Unknown,Low Sugar,Yes
3403112,Baby Plum Tomatoes,Tesco,,,,,,,,,,,0.0,,,,Unknown,Unknown,No
5900852057915,blédilait croissance,bédina,,,,,,,,,,,6.02678571428571,,4.0,,Unknown,Unknown,Yes
7622100977070,L&M,Philip Morris,,,,,,,,,,,,,,,Unknown,Unknown,No
6111180005694,Colorant Alimentaire,"Tradco France, Walima",,,,,,,,,,,,,,,Unknown,Unknown,No
6111242103979,حليب,بقال,,,,,,,,,,,,,,,Unknown,Unknown,No
6111262385393,Tobigo Petit Beurre,Tobigo,,,,,,,,,,,,,,,Unknown,Unknown,No
8720182210999,tresemmé,boitin + repair,,,,,,,,,,,0.0,,,,Unknown,Unknown,No
8413279004068,Honey,castimel,,,,0.0,,0.0,,,,,,,,,Unknown,Low Sugar,No
6221155140548,,,,,,,,,,,,,0.0,,,,Unknown,Unknown,No
6932511222333,Disaar hair care,,,,,,,,,,,,,,,,Unknown,Unknown,No
6111195024741,,,,,,,,,,,,,,,,,Unknown,Unknown,No
3564707000017,Petit-beurre bio,"Bio Village, Marque Repère",,1918.0,72.0,20.0,14.0,9.4,9.1,2.6,1.0,0.4,0.0,23.0,4.0,0.28,Unknown,Moderate Sugar,Yes
8410728180120,Grape Seed Oil,Lanjarón,,,,,,,,,1.475,0.59,0.0,0.0,1.0,,Unknown,Unknown,No
8410100020556,,Nestlé,,,,,,,,,,,0.0,,1.0,,Unknown,Unknown,No
3564700397114,Pistaches grillées à sec,"Marque Repère, Tokapi",,2531.0,11.0,9.0,50.0,6.5,25.0,8.6,0.8,0.32,99.0,3.0,3.0,0.82,Unknown,Low Sugar,No
20000295,Paprika edelsüß,"Kania,Kania Lidl,Kaninchen Lidl",,,,,,,,,,,0.0,,1.0,,Unknown,Unknown,No
3800000600012,DEVIN,Devin,,,,,,,,,,,0.0,0.0,,,Unknown,Unknown,No
6191443100038,Eau de source naturelle,BARGOU,,,,,,,,,63.5,25.4,0.0,0.0,1.0,,Unknown,Unknown,No
4088600333595,Table salt,Stonemill,,,,,,,,,,,0.0,,2.0,,Unknown,Unknown,No
6111243384254,Miel d’Eucalyptus,,,,,0.0,,0.0,,,,,0.0,,2.0,,Unknown,Low Sugar,No
10136355,minced ginger paste,ktc,,,12.0,3.0,3.0,,1.0,2.0,2.0,0.8,2.91666666666667,,3.0,0.25,Unknown,Low Sugar,No
6111242530416,Mary Trini - -,Excelo,,,,,,,,,,,,,,,Unknown,Unknown,No
30004825,,,,,,,,,,,,,,,,,Unknown,Unknown,No
3450601047190,,,,,,,,,,,,,,,,,Unknown,Unknown,No
6111092000237,tacos,,,,,,,,,,,,0.0,,,,Unknown,Unknown,No
6111242680661,Presto,,,,,,,,,,,,,,,,Unknown,Unknown,No
6111261060147,Tropical,,,,,,,,,,,,,,,,Unknown,Unknown,No
6118000080343,,,,,,,,,,,,,,,,,Unknown,Unknown,No
6111242105324,Beurre 500g,Jaouda,,,,,,,,,,,0.0,,,,Unknown,Unknown,No
6111255136353,levure chimique,alsa,,,,,,,,,,,,,,,Unknown,Unknown,No
6972102832831,,,,,,,,,,,,,,,,,Unknown,Unknown,No
152103001467,,,,,,,,,,,,,,,,,Unknown,Unknown,No
6111266071094,,,,,,,,,,,,,,,,,Unknown,Unknown,No
6111242882348,,,,,,,,,,,,,0.0,,4.0,,Unknown,Unknown,Yes
59493532,Apa,,,,,,,,,,,,,0.0,1.0,,Unknown,Unknown,No
6111261060116,,,,,,,,,,,,,,,,,Unknown,Unknown,No
6111261970927,,,,,,,,,,,,,,,,,Unknown,Unknown,No
6111184006956,,,,,,,,,,,,,,,,,Unknown,Unknown,No
6111046002041,,,,,,,,,,,,,,,,,Unknown,Unknown,No
6111259091665,,,,,,,,,,,,,,,,,Unknown,Unknown,No
3564700655566,St Diéry eau minérale naturelle pétillante,"Marque Repère, LECLERC",,,,,,,,,96.25,38.5,0.0,0.0,1.0,,Unknown,Unknown,No
3560070483969,Miel de fleurs crémeux,"Carrefour BIO, Carrefour",,,,,,,,,,,0.0,19.0,2.0,,Unknown,Unknown,No
3011932000829,,Martini,,,,,,,,,,,0.0,,,,Unknown,Unknown,No
8410100021546,Nescafé classic descafeinado,Nescafé,,,,,,,,,,,0.0,,1.0,,Unknown,Unknown,No
3261341003410,Café en grains bio - 500 g,Méo,,,,,,,,,,,0.0,,,,Unknown,Unknown,No
20589523,,,,,,,,,,,,,,,,,Unknown,Unknown,No
80369691,VistaSnella,Ferrarelle S.P.A,,,,,,,,,0.0094,0.00376,0.0,0.0,,,Unknown,Unknown,No
12516490,Red Curry Paste,Chop Stick,,,,,,,,,,,,,,,Unknown,Unknown,No
5013665103554,Organic vegetable stock cubes,Kallo,,27.0,0.7,0.3,0.4,0.2,0.0,,0.9,0.36,6.8,,3.0,0.43,Unknown,Low Sugar,No
6191466400030,Eau de source naturelle,DENYA,,,,,,,,,228.6,91.44,0.0,0.0,1.0,,Unknown,Unknown,No
6111184003672,Vinaigre de cidre de pommes,Star,,,,,,,,,,,0.0,,2.0,,Unknown,Unknown,No
3504105036126,,,,,,,,,,,,,0.0,,4.0,,Unknown,Unknown,Yes
6111024001660,Oleor,Oléo,,,,,,,,,,,13.5416666666667,,2.0,,Unknown,Unknown,No
6111252420417,MIRINDA POMME 33CL,,,,,,,,,,,,,,,,Unknown,Unknown,No
6111101001699,Soraya,soraya,,,,,,,,,,,,,,,Unknown,Unknown,No
6118000040934,15 Comprimés sécabies,,,,,,,,,,,,,,,,Unknown,Unknown,No
6111250013369,MONIICH,,,,,,,,,,,,0.0,,,,Unknown,Unknown,No
6111259092570,Mozza pizza,gastro mixte,,,,,80.0,,,,,,0.0,,4.0,,Unknown,Unknown,Yes
5942204005588,pepsi 0.5,Pepsi,,120.0,7.0,7.0,0.0,0.0,0.0,0.0,0.01,0.004,0.0,11.0,4.0,1.0,Unknown,Low Sugar,Yes
6111018909217,,,,,,,607.0,,,,,,0.0,,4.0,,Unknown,Unknown,Yes
8051128634501,,Pharmalife,,,,,,,,,,,0.0,,3.0,,Unknown,Unknown,No
6111266070516,,,,,,,,,,,,,,,,,Unknown,Unknown,No
6111251754131,,,,,,,,,,,,,,,,,Unknown,Unknown,No
6111259347335,,be,,,,,,,,,,,,,,,Unknown,Unknown,No
6217000175117,,,,,,,,,,,,,,,,,Unknown,Unknown,No
6111255091867,,,,,,,,,,,,,,,,,Unknown,Unknown,No
6111250472760,,,,,,,,,,,,,,,,,Unknown,Unknown,No
6111184009988,,,,,,,,,,,,,,,,,Unknown,Unknown,No
44490063114,,LU,,,,,,,,,,,,,,,Unknown,Unknown,No
5942219111113,,Romaqua Group,,,,,,,,,7.0866,2.83464,0.0,0.0,1.0,,Unknown,Unknown,No
5021991938825,Thé vert au citron bio x 20 sachets sans agrafe,Clipper,,,,,,,,,,,1.0,,4.0,,Unknown,Unknown,Yes
8411002101305,Agua Mineral Natural,Viladrau,,,,,,,,,0.0,0.0,0.0,0.0,,,Unknown,Unknown,No
3166352968515,Hachis Parmentier,Marie,,,,,,,,,,,3.38639322916667,13.0,3.0,,Unknown,Unknown,No
3095753234014,Blanc de Poulet - Fumé - Halal,Fleury Michon,,430.0,0.5,0.5,1.7,0.4,21.0,,1.8,0.72,1.04166666666666,2.0,4.0,1.0,Unknown,Low Sugar,Yes
8411902004089,Agua embotellada 50cl.,CABREIROÁ,,,,,,,,,,,0.0,0.0,,,Unknown,Unknown,No
4056489136514,Miel de Lavande de Provence,saveurs de nos régions,,,,,,,,,,,,,2.0,,Unknown,Unknown,No
5900915029873,,,,,,,,,,,,,,,,,Unknown,Unknown,No
5999076227426,Créatine monohydrate,"BiotechUSA, Biotech",,,,,,,,,0.0,0.0,0.0,,,,Unknown,Unknown,No
8718836396366,Skin Gummies 60 pièces,Innovit,,,,,,,,,,,0.0113932291666643,,4.0,,Unknown,Unknown,Yes
6111069004343,"Silhouette queue de cerise, hibiscus, anis",Sultan 1936,,,,,,,,,,,65.0,,1.0,,Unknown,Unknown,No
615357118775,Yorkshire Tea Decaf 80 Tea Bags,Taylors of Harrogate,,,,,,,,,,,0.0,0.0,1.0,,Unknown,Unknown,No
5760466876872,Castello Creamy Blue,Castello,,1779.0,0.5,0.5,42.0,27.0,13.0,,1.6002,0.64008,0.0,18.0,3.0,1.0,Unknown,Low Sugar,No
6194001800302,eau minérale naturelle,Melliti,,,,,,,,,91.75,36.7,0.0,0.0,1.0,,Unknown,Unknown,No
20382094,Garlic granules,Lidl Batts,,,,,,,,,,,100.0,-9.0,1.0,,Unknown,Unknown,No
8434164562883,Miel de flores,,,,,,,,,,,,0.0,,,,Unknown,Unknown,No
5015821127268,Yeast Easy Bake Sachets,Allinson's,,,,,,,,,,,0.0,,4.0,,Unknown,Unknown,Yes
475730,Wholemeal bread flour,"By sainsbury's, Wholesome",,,,,,,,,,,0.0,-4.0,1.0,,Unknown,Unknown,No
3580288088435,Miel de fleurs,,,,,,,,,,,,,,2.0,,Unknown,Unknown,No
